sampleID	geneID	ensemblID	transcriptID	exonID	pValue	zScore	l2fc	rawcounts	meanRawcounts	normcounts	meanCorrected
RNA_101_03_PAX	MCM5	ENSG00000100297	ENST00000215734	1	0.03296	4.53	-0.05	57	466.87	425.86	124.84
RNA_101_03_PAX	MCM5	ENSG00000100297	ENST00000215734	2	0.0248	-0.09	0.07	40	124.09	11.06	225.69
RNA_101_03_PAX	MCM5	ENSG00000100297	ENST00000215734	3	0.0464	1.97	0.05	366	480.79	497.76	300.1
RNA_106_03_PAX	TTI1	ENSG00000101407	ENST00000374690	1	0.0362	-1.6	0.14	39	310.63	275.68	386.59
RNA_106_03_PAX	TTI1	ENSG00000101407	ENST00000374690	2	0.0038	1.39	-0.31	446	289.01	37.87	278.52
RNA_106_03_PAX	TTI1	ENSG00000101407	ENST00000374690	3	0.04272	-1.19	0.1	451	155.84	68.74	450.63
