sampleID	geneID	ensemblID	pValue	zScore	l2fc	rawcounts	meanRawcounts	normcounts	meanCorrected
RNA_101_03_PAX	MCM5	ENSG00000100297	0.03668	0.66	0.05	1669	975.52	2298.21	1554.7
RNA_106_03_PAX	TTI1	ENSG00000101407	0.01465	-0.91	0.0	3730	2520.06	4294.24	744.77
